algorithm,N,k,comparisons,time,entry_time
quick_sort,100000,100,0,0,1652159204.0450437
quick_sort,100000,10,0,0,1652159206.1948743
quick_sort,21544,10,0,0,1652159206.539523
quick_sort,10000,10,0,0,1652159208.7571383
quick_sort,46415,10,0,0,1652159211.7366962
